ensembl_gene_id,accession number
ENSMUSG00000075190,Q8VGS7,
ENSMUSG00000090894,A2RT31
ENSMUSG00000064223,K7N641
ENSMUSG00000053287,Q7TR96
ENSMUSG00000059087,Q7TRN4
ENSMUSG00000109058,Q9EPF7
ENSMUSG00000049362,E9QAT7
ENSMUSG00000075209,A2ASV2
ENSMUSG00000063137,E9Q7W1
ENSMUSG00000033850,Q7TR94
ENSMUSG00000090675,Q7TRK1
ENSMUSG00000051591,Q8VFM4
ENSMUSG00000070377,A0A0U1RPU2
ENSMUSG00000070377,Q7TRX1
ENSMUSG00000075211,A2ALD2
ENSMUSG00000052417,Q8VF37
ENSMUSG00000060759,A0A1B0GS35
ENSMUSG00000060759,Q7TRU8
ENSMUSG00000094426,Q8VG04
ENSMUSG00000058014,Q8VG09
ENSMUSG00000059503,E9Q1L6
ENSMUSG00000075210,Q8VFJ7
ENSMUSG00000071764,A2AHM8
ENSMUSG00000056184,Q8VGU2
ENSMUSG00000043529,Q8VFC3
ENSMUSG00000057890,A0A0N4SUP0
ENSMUSG00000032987,Q8VET6
ENSMUSG00000066122,Q8VGM1
ENSMUSG00000063615,F8VPZ8
ENSMUSG00000068815,Q7TR37
ENSMUSG00000068815,Q8VEU8
ENSMUSG00000073979,E9PXN3
ENSMUSG00000096679,A0A0R4J0X9
ENSMUSG00000094493,Q8VFM5
ENSMUSG00000094464,Q8VGK8
ENSMUSG00000075092,Q8VEX7
ENSMUSG00000094182,Q9EQB4
ENSMUSG00000109806,A0A1B0GSI9
ENSMUSG00000110970,Q8VGA9
ENSMUSG00000073927,B9EHE6
ENSMUSG00000054406,A0A0U1RP86
ENSMUSG00000054406,Q7TRW8
ENSMUSG00000075088,Q8VGM8
ENSMUSG00000045514,Q8VF31
ENSMUSG00000096151,Q8VGI6
ENSMUSG00000075196,Q8VGS0
ENSMUSG00000044293,Q8VF26
ENSMUSG00000096714,Q7TRN3
ENSMUSG00000075174,Q7TR63
ENSMUSG00000070460,Q7TS12
ENSMUSG00000070460,Q8VF60
ENSMUSG00000111456,A0A1L1SQJ6
ENSMUSG00000050853,Q8VEY3
ENSMUSG00000045559,Q8VEV5
ENSMUSG00000045150,Q7TR29
ENSMUSG00000062186,Q8VGR3
ENSMUSG00000064333,Q9EQ98
ENSMUSG00000095586,Q7TQY1
ENSMUSG00000095377,Q7TRL3
ENSMUSG00000046300,Q8VET3
ENSMUSG00000064110,Q7TRA9
ENSMUSG00000043226,Q8VFK1
ENSMUSG00000096554,Q7TQY5
ENSMUSG00000075144,A2AVC3
ENSMUSG00000058084,Q8VFU7
ENSMUSG00000049149,Q8VGN6
ENSMUSG00000047594,Q8VGT9
ENSMUSG00000073953,F8VQ26
ENSMUSG00000034583,A0A140LHY9
ENSMUSG00000034583,Q7TQV2
ENSMUSG00000034583,Q8VF33
ENSMUSG00000095527,A0A1D5RLR5
ENSMUSG00000095527,Q9EQA5
ENSMUSG00000095187,Q7TQT4
ENSMUSG00000048501,Q9EQ93
ENSMUSG00000075145,Q8VFR3
ENSMUSG00000078080,E9PXW4
ENSMUSG00000059623,E9PVX1
ENSMUSG00000059623,Q8VG88
ENSMUSG00000059279,M9MMJ7
ENSMUSG00000075220,Q8VF75
ENSMUSG00000095525,Q7TRG8
ENSMUSG00000095301,Q8VGI4
ENSMUSG00000052508,A0A1B0GT87
ENSMUSG00000052508,Q8VFE9
ENSMUSG00000058662,E9Q7C5
ENSMUSG00000075148,Q8VFQ7
ENSMUSG00000101750,Q8VFA6
ENSMUSG00000094119,L7N462
ENSMUSG00000071494,A0A0B4J1M2
ENSMUSG00000066899,Q8VGG4
ENSMUSG00000068950,Q8VGK6
ENSMUSG00000055971,Q8VGT2
ENSMUSG00000047626,Q8VGJ0
ENSMUSG00000058071,A0A0N4SVH6
ENSMUSG00000058071,Q8VG46
ENSMUSG00000060084,E9Q9Z0
ENSMUSG00000095075,Q7TRI2
ENSMUSG00000045678,Q8VFQ5
ENSMUSG00000075121,Q8VG21
ENSMUSG00000057761,L7MTT3
ENSMUSG00000111306,Q7TR70
ENSMUSG00000044170,Q8VFA8
ENSMUSG00000070375,Q7TRX0
ENSMUSG00000062649,Q7TRB0
ENSMUSG00000062649,Q9EQB8
ENSMUSG00000064044,L7MTY4
ENSMUSG00000047039,Q8VFQ8
ENSMUSG00000058114,Q8VF25
ENSMUSG00000049648,Q8VG87
ENSMUSG00000050763,Q8VGD7
ENSMUSG00000055033,E9Q4G0
ENSMUSG00000111517,Q8VG59
ENSMUSG00000095401,Q7TRH7
ENSMUSG00000090629,A0A0U1RNK4
ENSMUSG00000090629,A0A0U1RP27
ENSMUSG00000090629,F8VQ90
ENSMUSG00000075149,Q8VFQ9
ENSMUSG00000049573,Q8VEU0
ENSMUSG00000109542,Q8VF65
ENSMUSG00000062987,E9Q725
ENSMUSG00000093901,A0A1D5RMC3
ENSMUSG00000093901,A0A1D5RML6
ENSMUSG00000093901,K7N678
ENSMUSG00000075165,Q7TR58
ENSMUSG00000060303,A0A140LIZ6
ENSMUSG00000060303,Q8VFX3
ENSMUSG00000070875,Q8VFM1
ENSMUSG00000060765,Q5NCD2
ENSMUSG00000110947,A0A2I3BRV8
ENSMUSG00000110947,Q7TQV7
ENSMUSG00000074995,Q7TS38
ENSMUSG00000092077,Q920Z0
ENSMUSG00000043366,Q8VBV9
ENSMUSG00000049806,E9Q2B9
ENSMUSG00000053146,Q8VGJ9
ENSMUSG00000074966,Q7TQY8
ENSMUSG00000070438,Q5NC55
ENSMUSG00000058807,F6WSM5
ENSMUSG00000058807,Q5NC44
ENSMUSG00000096708,Q8VEV6
ENSMUSG00000075197,Q7TR79
ENSMUSG00000110804,A0A1L1STZ9
ENSMUSG00000044985,Q8VGW6
ENSMUSG00000073972,Q7TRS6
ENSMUSG00000043357,E9QNM5
ENSMUSG00000075061,Q8VGN8
ENSMUSG00000050815,Q8VFV3
ENSMUSG00000111174,Q8VG73
ENSMUSG00000111454,Q8VF76
ENSMUSG00000059379,Q7TR95
ENSMUSG00000043354,Q8VH11
ENSMUSG00000058188,E9Q840
ENSMUSG00000075064,A2ATW2
ENSMUSG00000075072,Q8VGN4
ENSMUSG00000068647,Q8VF39
ENSMUSG00000029184,Q8VG96
ENSMUSG00000078624,E9PYB4
ENSMUSG00000075090,A2AVK5
ENSMUSG00000095312,Q8VF79
ENSMUSG00000068535,Q7TS53
ENSMUSG00000075101,Q7TR02
ENSMUSG00000059864,Q8VFA7
ENSMUSG00000062272,A2AV41
ENSMUSG00000109547,Q8VGE5
ENSMUSG00000068819,A0A1L1SQ35
ENSMUSG00000068819,Q7TR45
ENSMUSG00000049028,A0A2I3BPK1
ENSMUSG00000049028,E9PX82
ENSMUSG00000049028,Q8VFJ0
ENSMUSG00000057503,Q8VFV9
ENSMUSG00000048933,Q8VFC8
ENSMUSG00000096703,Q7TQY2
ENSMUSG00000059873,A2ATE0
ENSMUSG00000049018,Q8VF22
ENSMUSG00000051509,E9Q5P8
ENSMUSG00000047544,Q3KPB0
ENSMUSG00000073973,E9Q545
ENSMUSG00000073956,A0A2I3BPE8
ENSMUSG00000073956,E9PYB3
ENSMUSG00000050281,Q9EQQ7
ENSMUSG00000061000,Q8VG13
ENSMUSG00000075078,Q8VGM3
ENSMUSG00000061614,Q7TRG2
ENSMUSG00000056959,Q8VFG7
ENSMUSG00000095893,Q7TRE1
ENSMUSG00000074965,Q8VF41
ENSMUSG00000044798,F6WBH4
ENSMUSG00000044798,Q7TRB9
ENSMUSG00000090631,B2RT27
ENSMUSG00000050030,Q7TRM6
ENSMUSG00000110912,Q7TR67
ENSMUSG00000043698,L7MU75
ENSMUSG00000094858,Q8VGE8
ENSMUSG00000051182,E9Q252
ENSMUSG00000064006,K7N5T5
ENSMUSG00000064252,M9MMK4
ENSMUSG00000064252,M9MMK5
ENSMUSG00000054526,Q7TQQ3
ENSMUSG00000045792,Q8VH17
ENSMUSG00000067528,Q8VFV1
ENSMUSG00000093839,Q5SW50
ENSMUSG00000093920,Q5SW49
ENSMUSG00000058904,Q8VGU3
ENSMUSG00000060888,A0A1B0GST0
ENSMUSG00000060888,Q7TRS5
ENSMUSG00000073917,Q8VG79
ENSMUSG00000059251,Q8VGK4
ENSMUSG00000047545,Q0VBH3
ENSMUSG00000067513,A0PK57
ENSMUSG00000096485,Q8VFW4
ENSMUSG00000096254,K7N5X7
ENSMUSG00000075155,Q7TR44
ENSMUSG00000043911,Q8VG50
ENSMUSG00000075112,Q7TR09
ENSMUSG00000049372,A0A2I3BQA3
ENSMUSG00000049372,Q8VFF8
ENSMUSG00000045126,Q8VFW9
ENSMUSG00000059319,Q7TS08
ENSMUSG00000057207,Q7TR89
ENSMUSG00000082980,A0A1L1SQ02
ENSMUSG00000069421,Q8VFH9
ENSMUSG00000100923,Q60883
ENSMUSG00000101078,Q7TR27
ENSMUSG00000066240,Q7TRU4
ENSMUSG00000047716,Q8VFT6
ENSMUSG00000075377,Q8VGV7
ENSMUSG00000111021,Q8VGK5
ENSMUSG00000066061,B2RVY8
ENSMUSG00000066061,F7D7G9
ENSMUSG00000109835,A0A0U1RNX7
ENSMUSG00000109835,E9Q8M3
ENSMUSG00000094701,Q8VG53
ENSMUSG00000073965,E9Q554
ENSMUSG00000066239,K7N645
ENSMUSG00000066239,Q7TRU3
ENSMUSG00000051680,Q8VF89
ENSMUSG00000051180,Q8VGL1
ENSMUSG00000057270,Q8VFQ3
ENSMUSG00000095608,E9PVJ7
ENSMUSG00000095608,Q7TS26
ENSMUSG00000094535,Q7TRG1
ENSMUSG00000094535,Q8VFF2
ENSMUSG00000074955,A2AVW3
ENSMUSG00000096695,E9PYP4
ENSMUSG00000096516,K7N6B2
ENSMUSG00000060030,Q5NCD6
ENSMUSG00000068182,A0A1L1SSG9
ENSMUSG00000068182,L7N205
ENSMUSG00000047667,Q7TRB7
ENSMUSG00000059687,F6Z8L7
ENSMUSG00000059687,Q8VFA1
ENSMUSG00000063106,E9PZZ6
ENSMUSG00000060017,Q5CZY0
ENSMUSG00000062914,Q8VFH3
ENSMUSG00000109801,Q7TQW7
ENSMUSG00000109801,Q8VG12
ENSMUSG00000060787,Q5SW48
ENSMUSG00000051200,Q8VFZ3
ENSMUSG00000050085,Q8VGY7
ENSMUSG00000094133,Q8VF59
ENSMUSG00000089717,Q7TS18
ENSMUSG00000070379,Q8VFX8
ENSMUSG00000047444,Q60891
ENSMUSG00000049864,A0A1L1STR2
ENSMUSG00000049864,E9PV37
ENSMUSG00000057540,B2RVZ1
ENSMUSG00000048469,E9PWA8
ENSMUSG00000050603,Q8VGC7
ENSMUSG00000066241,Q8VFZ6
ENSMUSG00000047969,Q8VF14
ENSMUSG00000062426,Q7TS03
ENSMUSG00000075218,Q8VF74
ENSMUSG00000061616,Q60894
ENSMUSG00000075189,A0A087WS05
ENSMUSG00000075189,A2AVX9
ENSMUSG00000048996,A0A1W2P740
ENSMUSG00000048996,Q7TQT9
ENSMUSG00000045381,Q7TRV9
ENSMUSG00000096289,A0A140LI27
ENSMUSG00000096289,Q8VEU6
ENSMUSG00000056853,Q7TRI6
ENSMUSG00000111611,Q9QZ20
ENSMUSG00000081945,A0A2I3BPQ9
ENSMUSG00000081945,A0A2I3BR67
ENSMUSG00000072707,E9Q3K2
ENSMUSG00000045474,Q8VFG3
ENSMUSG00000078420,A0A1L1STV1
ENSMUSG00000075161,A2AT96
ENSMUSG00000054236,Q8VGI5
ENSMUSG00000050803,Q8VFI7
ENSMUSG00000075136,A2AVT5
ENSMUSG00000049217,Q8VFI0
ENSMUSG00000094764,Q8VGJ7
ENSMUSG00000094520,K7N6B1
ENSMUSG00000094520,Q7TRQ3
ENSMUSG00000059610,Q7TS30
ENSMUSG00000111567,Q7TQZ3
ENSMUSG00000075113,Q3SXJ3
ENSMUSG00000075193,Q7TR76
ENSMUSG00000044814,E9PWI5
ENSMUSG00000061489,Q8VGL5
ENSMUSG00000075111,A2ATG2
ENSMUSG00000060523,E9Q8X3
ENSMUSG00000075219,Q8VF73
ENSMUSG00000075204,A2ARY0
ENSMUSG00000058200,F8VQ01
ENSMUSG00000049073,Q8VGB4
ENSMUSG00000058244,Q7TRU6
ENSMUSG00000057564,A0A0U1RP49
ENSMUSG00000057564,Q9R0K4
ENSMUSG00000043267,Q7TR87
ENSMUSG00000062868,Q7TRH0
ENSMUSG00000062868,Q8VFJ5
ENSMUSG00000075137,Q8VFR4
ENSMUSG00000094747,Q7TQX1
ENSMUSG00000044039,Q7TQY0
ENSMUSG00000066257,Q8VGP9
ENSMUSG00000044286,B2RVX8
ENSMUSG00000046493,A0A0N4SV02
ENSMUSG00000046493,Q8VGX5
ENSMUSG00000039608,Q8VFP0
ENSMUSG00000050366,Q7TRU0
ENSMUSG00000045132,E9PZ66
ENSMUSG00000059134,Q7TRH4
ENSMUSG00000071629,Q7TQQ7
ENSMUSG00000110819,Q7TQZ2
ENSMUSG00000096009,Q8VG95
ENSMUSG00000059205,A0A1L1SQT2
ENSMUSG00000050134,E9Q5F1
ENSMUSG00000059874,L7N1Y4
ENSMUSG00000069430,Q60885
ENSMUSG00000036744,Q9D3U9
ENSMUSG00000068431,A2RTP5
ENSMUSG00000044487,A2ATA0
ENSMUSG00000075074,Q8VFB1
ENSMUSG00000043383,Q8VFY3
ENSMUSG00000062608,Q8VGQ6
ENSMUSG00000073926,E9PVA0
ENSMUSG00000094080,Q60892
ENSMUSG00000110171,Q8VFD3
ENSMUSG00000073897,Q7TRM9
ENSMUSG00000096029,Q8VGV0
ENSMUSG00000075158,Q7TR55
ENSMUSG00000075163,A2AVB8
ENSMUSG00000075110,A2ATG3
ENSMUSG00000094612,Q8VG06
ENSMUSG00000048101,Q9JHB2
ENSMUSG00000096356,L7N1Y6
ENSMUSG00000096356,Q9EQA4
ENSMUSG00000111747,Q7TR43
ENSMUSG00000075166,A2AVB5
ENSMUSG00000070311,A0A1D5RLT8
ENSMUSG00000070311,Q9EQB2
ENSMUSG00000043087,Q7TRF8
ENSMUSG00000073901,Q9EPF5
ENSMUSG00000094496,Q7TRH9
ENSMUSG00000046913,Q8VFX5
ENSMUSG00000109354,Q9EPF8
ENSMUSG00000050818,Q8VGD9
ENSMUSG00000095189,Q7TQQ9
ENSMUSG00000059030,Q7TRJ1
ENSMUSG00000095483,Q7TRI3
ENSMUSG00000047048,E9Q8M2
ENSMUSG00000051424,Q8VG86
ENSMUSG00000061361,Q8VF05
ENSMUSG00000048425,Q8VGX3
ENSMUSG00000061387,A0A1L1SVH0
ENSMUSG00000061387,Q7TQQ5
ENSMUSG00000075079,L7MU51
ENSMUSG00000070855,A0A1L1SRZ5
ENSMUSG00000070855,E9PXB8
ENSMUSG00000048391,Q7TRG4
ENSMUSG00000075102,L7MU53
ENSMUSG00000045540,E9PUN7
ENSMUSG00000093934,Q9EQ96
ENSMUSG00000073998,E9Q518
ENSMUSG00000059460,A0A2I3BRI6
ENSMUSG00000059460,A0A2I3BRN0
ENSMUSG00000062199,Q7TQR2
ENSMUSG00000061972,Q8VFE4
ENSMUSG00000049010,Q8VGB3
ENSMUSG00000045780,F8VQI7
ENSMUSG00000044897,Q8VG45
ENSMUSG00000063764,Q8VG42
ENSMUSG00000075150,Q7TR40
ENSMUSG00000064084,Q8VF98
ENSMUSG00000051528,E9Q0Q2
ENSMUSG00000049843,Q8VES2
ENSMUSG00000110012,Q8VH21
ENSMUSG00000059136,Q7TRT1
ENSMUSG00000059136,Q8VGL9
ENSMUSG00000075199,Q8VFL0
ENSMUSG00000044106,Q8VFI8
ENSMUSG00000057654,Q5NCD3
ENSMUSG00000056961,Q7TRC1
ENSMUSG00000056961,Q8VF78
ENSMUSG00000095095,Q8VGT1
ENSMUSG00000063188,Q7TRK4
ENSMUSG00000096584,K7N609
ENSMUSG00000056863,A0A140LHK1
ENSMUSG00000056863,A0A140LJI4
ENSMUSG00000056863,Q920Z2
ENSMUSG00000046643,E9PWV2
ENSMUSG00000101480,F7BL62
ENSMUSG00000048620,Q8VGH5
ENSMUSG00000068808,A2AV11
ENSMUSG00000062105,E9QKE8
ENSMUSG00000073896,A0A1B0GR72
ENSMUSG00000073896,A0A1B0GR93
ENSMUSG00000073896,Q9EPG6
ENSMUSG00000059862,Q8VFU6
ENSMUSG00000075212,Q9QY00
ENSMUSG00000075093,Q7TQZ8
ENSMUSG00000067971,Q7TQW4
ENSMUSG00000067526,K7N659
ENSMUSG00000067526,Q7TQS1
ENSMUSG00000090951,Q8VGQ7
ENSMUSG00000090951,A0A0U1RQ48
ENSMUSG00000090059,Q7TR71
ENSMUSG00000062782,Q7TRT9
ENSMUSG00000060688,F8VQ84
ENSMUSG00000093866,Q8VGJ2
ENSMUSG00000073906,Q7TRN5
ENSMUSG00000073906,Q8VF03
ENSMUSG00000066905,A0A1D5RM73
ENSMUSG00000066905,Q8VFF7
ENSMUSG00000044292,E9Q985
ENSMUSG00000101391,Q8VGG1
ENSMUSG00000099820,Q7TR85
ENSMUSG00000044441,Q0VEV7
ENSMUSG00000054890,Q7TQU0
ENSMUSG00000059762,Q8VG33
ENSMUSG00000073920,Q99NH4
ENSMUSG00000042801,Q8K501
ENSMUSG00000059488,A2RTN7
ENSMUSG00000073967,E9Q550
ENSMUSG00000111711,A0A1L1SRK6
ENSMUSG00000050266,Q8VH18
ENSMUSG00000075383,Q8VGK1
ENSMUSG00000043312,Q8VGC8
ENSMUSG00000094986,Q8VFW2
ENSMUSG00000059023,Q8VGF5
ENSMUSG00000057050,Q8VEZ6
ENSMUSG00000095002,Q7TRH8
ENSMUSG00000055088,Q8VGJ8
ENSMUSG00000070423,Q8VGZ7
ENSMUSG00000075203,A2ARY1
ENSMUSG00000049528,Q7TRW1
ENSMUSG00000051952,Q8VGB8
ENSMUSG00000063394,Q7TS10
ENSMUSG00000109631,Q8VG07
ENSMUSG00000050788,E9Q0Y7
ENSMUSG00000059729,Q7TQT1
ENSMUSG00000096757,A0A1L1SRQ8
ENSMUSG00000096757,E9Q891
ENSMUSG00000044205,Q7TRA3
ENSMUSG00000044205,Q8VG90
ENSMUSG00000059910,Q8VEZ3
ENSMUSG00000053251,Q7TS33
ENSMUSG00000073893,Q8VG43
ENSMUSG00000070374,A0A0U1RPY7
ENSMUSG00000070374,A0A0U1RQ21
ENSMUSG00000070374,B1ARL3
ENSMUSG00000095194,J3KMV2
ENSMUSG00000056822,Q8VGX2
ENSMUSG00000075201,Q8VFK4
ENSMUSG00000070459,Q7TS13
ENSMUSG00000048197,A0A1L1SUW4
ENSMUSG00000048197,A2AVC0
ENSMUSG00000058275,Q7TRW7
ENSMUSG00000071481,Q8VEV1
ENSMUSG00000074996,F6ZUS0
ENSMUSG00000108534,K9J6X0
ENSMUSG00000051593,Q8VGA0
ENSMUSG00000048919,Q8VF69
ENSMUSG00000045202,Q8VFQ1
ENSMUSG00000094266,Q8VGL0
ENSMUSG00000050742,Q8VF87
ENSMUSG00000059397,Q8VFE6
ENSMUSG00000075100,A0A1L1SU13
ENSMUSG00000051160,Q8VGG6
ENSMUSG00000063827,Q7TQT3
ENSMUSG00000059595,Q8VG16
ENSMUSG00000072709,Q8VGT3
ENSMUSG00000109813,Q7TQY7
ENSMUSG00000109813,Q8VF38
ENSMUSG00000075198,Q7TR80
ENSMUSG00000110008,A0A1B0GSU5
ENSMUSG00000110008,A0A338P761
ENSMUSG00000075206,A2ASU7
ENSMUSG00000111689,A0A1L1SUC9
ENSMUSG00000072708,Q5SSP0
ENSMUSG00000073970,E9Q547
ENSMUSG00000068574,Q8VF80
ENSMUSG00000046041,Q8VFI3
ENSMUSG00000042909,Q8VG19
ENSMUSG00000044801,Q9QZ19
ENSMUSG00000096806,Q7TRZ9
ENSMUSG00000095957,Q7TRG9
ENSMUSG00000050028,A0A2I3BQ89
ENSMUSG00000050028,Q7TRL9
ENSMUSG00000074952,Q7TQX0
ENSMUSG00000056883,Q7TRT7
ENSMUSG00000063120,Q8VEZ0
ENSMUSG00000063120,A0A0R4J0V9
ENSMUSG00000054498,Q8VFP2
ENSMUSG00000107711,Q7TRZ4
ENSMUSG00000063583,E9PYK6
ENSMUSG00000063583,Q8VFC5
ENSMUSG00000049011,Q8VET4
ENSMUSG00000050865,Q8VGP8
ENSMUSG00000094380,Q7TRC9
ENSMUSG00000061295,F6RCR7
ENSMUSG00000061295,Q8VFB0
ENSMUSG00000044705,Q7TRP3
ENSMUSG00000063881,E9Q4M1
ENSMUSG00000063881,Q8VGI2
ENSMUSG00000111732,A0A0N4SVC3
ENSMUSG00000059411,Q8VF17
ENSMUSG00000049456,Q8VGE1
ENSMUSG00000109497,Q8VFD1
ENSMUSG00000073913,Q8VG26
ENSMUSG00000062103,Q7TRB8
ENSMUSG00000050478,Q8VGI9
ENSMUSG00000096273,A0A140LJA9
ENSMUSG00000096273,Q7TQQ8
ENSMUSG00000095448,Q7TRF5
ENSMUSG00000036658,Q60890
ENSMUSG00000059105,Q8VFQ4
ENSMUSG00000075062,Q8VG62
ENSMUSG00000075379,Q7TRY5
ENSMUSG00000043827,A0A286YD85
ENSMUSG00000043827,Q6UAH0
ENSMUSG00000108265,Q5NCD7
ENSMUSG00000073969,E9Q549
ENSMUSG00000095831,Q7TRV7
ENSMUSG00000060112,Q8VGL4
ENSMUSG00000073946,Q8VGA1
ENSMUSG00000049498,Q8VEV8
ENSMUSG00000096477,L7N475
ENSMUSG00000051493,Q8VH09
ENSMUSG00000049674,Q7TRN0
ENSMUSG00000045204,Q7TRG7
ENSMUSG00000045812,Q8VFN1
ENSMUSG00000062712,Q8VGL2
ENSMUSG00000046450,Q9QZ18
ENSMUSG00000075153,Q7TR42
ENSMUSG00000075120,Q7TR14
ENSMUSG00000095903,Q8VFN4
ENSMUSG00000063225,Q7TRC3
ENSMUSG00000109212,Q8VGF0
ENSMUSG00000062878,Q7TS06
ENSMUSG00000070983,Q7TS19
ENSMUSG00000070983,Q8VFN0
ENSMUSG00000108827,Q8VF85
ENSMUSG00000109659,E9Q838
ENSMUSG00000063780,A0A0U1RP22
ENSMUSG00000063780,A1L1B4
ENSMUSG00000043948,Q8VGW5
ENSMUSG00000057464,A0A0N4SV77
ENSMUSG00000057464,Q7TQS4
ENSMUSG00000045392,A0A1L1SU63
ENSMUSG00000045392,Q8VFK5
ENSMUSG00000107645,Q7TQT5
ENSMUSG00000050776,Q8VF84
ENSMUSG00000046790,Q7TQV4
ENSMUSG00000040328,Q8VGD6
ENSMUSG00000075382,Q8VGK0
ENSMUSG00000094755,Q8VFX0
ENSMUSG00000094891,A0A2I3BPU7
ENSMUSG00000094891,K7N6Q1
ENSMUSG00000100016,A3KGY3
ENSMUSG00000075146,L7MU57
ENSMUSG00000062892,Q8VF19
ENSMUSG00000071065,Q8VFI2
ENSMUSG00000095156,Q7TQY6
ENSMUSG00000045341,Q8VGJ5
ENSMUSG00000056782,Q7TRP4
ENSMUSG00000058628,Q7TRE5
ENSMUSG00000095804,Q8VFU4
ENSMUSG00000049057,Q8VGP0
ENSMUSG00000096365,Q7TQR3
ENSMUSG00000075160,Q7TS20
ENSMUSG00000095901,Q7TRT5
ENSMUSG00000066747,Q7TRE3
ENSMUSG00000066747,Q9EQA9
ENSMUSG00000095030,L7N457
ENSMUSG00000063176,Q9EQ97
ENSMUSG00000095706,A0A140LIQ3
ENSMUSG00000095706,L7N1X3
ENSMUSG00000070382,A0A0U1RNJ4
ENSMUSG00000071522,Q7TQT8
ENSMUSG00000054036,Q8VFD8
ENSMUSG00000111159,A2ACY8
ENSMUSG00000094734,Q8VGI7
ENSMUSG00000043310,E9Q407
ENSMUSG00000094745,Q7TRB1
ENSMUSG00000094745,Q9EQB6
ENSMUSG00000047149,A2AVX6
ENSMUSG00000063116,Q8VFX7
ENSMUSG00000073769,A0A2I3BRQ0
ENSMUSG00000073769,K7N684
ENSMUSG00000063777,Q8VFW5
ENSMUSG00000066896,Q0VAX9
ENSMUSG00000066896,A0A2I3BPL2
ENSMUSG00000107822,A0A2I3BRV4
ENSMUSG00000042774,Q8VGU8
ENSMUSG00000096747,Q7TRH2
ENSMUSG00000075151,Q0VBI4
ENSMUSG00000073931,Q8VGW2
ENSMUSG00000075168,Q8VG37
ENSMUSG00000063374,Q8VGC1
ENSMUSG00000075170,A2AVA9
ENSMUSG00000071510,E9Q8F6
ENSMUSG00000090824,Q7TQV3
ENSMUSG00000099486,Q7TR00
ENSMUSG00000099486,Q8VGM9
ENSMUSG00000063173,Q8VFI1
ENSMUSG00000073959,Q7TRS0
ENSMUSG00000073959,Q8VGW0
ENSMUSG00000047868,Q8VGC2
ENSMUSG00000063240,G3UXU0
ENSMUSG00000063240,Q8VG94
ENSMUSG00000096773,A0A1B0GSE1
ENSMUSG00000096773,Q7TRP1
ENSMUSG00000094422,Q7TS37
ENSMUSG00000047352,Q3UX31
ENSMUSG00000047352,Q8VF15
ENSMUSG00000075084,Q8VGM7
ENSMUSG00000044213,Q8VF13
ENSMUSG00000075073,Q8VGP1
ENSMUSG00000075188,A2AVY0
ENSMUSG00000044025,Q7TRI0
ENSMUSG00000044025,Q8VGJ3
ENSMUSG00000073950,Q8VG01
ENSMUSG00000063842,Q8VFJ1
ENSMUSG00000075186,Q7TR74
ENSMUSG00000047960,Q8VEX5
ENSMUSG00000075194,A2ARZ0
ENSMUSG00000063380,Q7TRB3
ENSMUSG00000063380,Q9EQB5
ENSMUSG00000095286,L7N1Z1
ENSMUSG00000051313,A0A1L1STZ0
ENSMUSG00000051313,A2ATM2
ENSMUSG00000051313,Q8VGN2
ENSMUSG00000064121,Q8VFE3
ENSMUSG00000073952,L7N224
ENSMUSG00000048810,Q8VGQ3
ENSMUSG00000075139,Q7TR28
ENSMUSG00000051095,Q8VFN6
ENSMUSG00000073914,Q8VF06
ENSMUSG00000074947,Q8VF10
ENSMUSG00000075175,Q8VFL9
ENSMUSG00000048292,Q8VGJ6
ENSMUSG00000036647,A0A0R4J0M0
ENSMUSG00000061520,Q7TR48
ENSMUSG00000042796,A2ATE5
ENSMUSG00000043314,Q8VGD8
ENSMUSG00000111715,Q7TQZ6
ENSMUSG00000075427,E9Q1P2
ENSMUSG00000045824,A0A1B0GRW7
ENSMUSG00000045824,F8VQ18
ENSMUSG00000060205,Q8VGU7
ENSMUSG00000094531,A0A1B0GSN5
ENSMUSG00000094531,Q7TRP2
ENSMUSG00000052625,Q7TRG0
ENSMUSG00000056600,A0A140LHF9
ENSMUSG00000056600,Q0VEL5
ENSMUSG00000046150,E9PVZ7
ENSMUSG00000046150,Q7TRC2
ENSMUSG00000062245,Q7TS52
ENSMUSG00000062245,Q8VGL6
ENSMUSG00000094721,Q8VFW3
ENSMUSG00000078118,Q8VG05
ENSMUSG00000035932,E9Q0Z1
ENSMUSG00000055571,Q7TS02
ENSMUSG00000060827,A0A1L1SQ65
ENSMUSG00000060827,A2AV13
ENSMUSG00000066671,E9Q050
ENSMUSG00000070852,L7MTT1
ENSMUSG00000075065,Q8VGP3
ENSMUSG00000073932,Q8VGX6
ENSMUSG00000109884,Q8VFD2
ENSMUSG00000073954,Q7TRR4
ENSMUSG00000066672,F8VQB1
ENSMUSG00000062142,Q8VGZ2
ENSMUSG00000069390,K7N662
ENSMUSG00000062629,Q923Q8
ENSMUSG00000075208,Q8VGS3
ENSMUSG00000060480,G5E8J1
ENSMUSG00000060480,Q7TS51
ENSMUSG00000043892,A2ASV3
ENSMUSG00000043119,Q8VES9
ENSMUSG00000057997,A0A1B0GRT9
ENSMUSG00000057997,Q8VGM0
ENSMUSG00000048080,F8VQB9
ENSMUSG00000075091,Q8VGN0
ENSMUSG00000101874,Q8VFA4
ENSMUSG00000073898,Q920G5
ENSMUSG00000073898,Q9EPG3
ENSMUSG00000058491,A0A2I3BRV7
ENSMUSG00000054141,Q8VFM9
ENSMUSG00000059371,E9Q7E7
ENSMUSG00000063994,Q7TRJ4
ENSMUSG00000063994,Q8VFQ2
ENSMUSG00000051414,Q7TRH1
ENSMUSG00000051414,Q8VGX1
ENSMUSG00000075222,Q7TRA1
ENSMUSG00000073947,Q8VGY4
ENSMUSG00000060583,Q7TRE2
ENSMUSG00000060583,Q8VF63
ENSMUSG00000052058,Q7TRD1
ENSMUSG00000094539,L7N1Z8
ENSMUSG00000095696,Q8VFH8
ENSMUSG00000096220,Q7TRI4
ENSMUSG00000109219,Q7TQX5
ENSMUSG00000067522,A0A2I3BR00
ENSMUSG00000067522,Q8VFV2
ENSMUSG00000051611,G3UXE1
ENSMUSG00000051611,Q8C0S2
ENSMUSG00000049015,Q8VFW1
ENSMUSG00000073955,Q7TRR5
ENSMUSG00000073955,Q8VF28
ENSMUSG00000049797,Q924X8
ENSMUSG00000044454,Q7TRF3
ENSMUSG00000044454,A0A1D5RM81
ENSMUSG00000051793,A0A0U1RP76
ENSMUSG00000051793,Q8VET7
ENSMUSG00000073900,Q9EPF6
ENSMUSG00000063386,Q8VFA9
ENSMUSG00000063823,Q8VGT4
ENSMUSG00000044899,Q8VGW1
ENSMUSG00000063844,Q8VF40
ENSMUSG00000067064,Q8VGU4
ENSMUSG00000062793,A2BHP7
ENSMUSG00000094140,Q8VF72
ENSMUSG00000109951,A2RS33
ENSMUSG00000054938,Q8VGH6
ENSMUSG00000083706,A0A0J9YUE7
ENSMUSG00000083706,A0A1L1STN9
ENSMUSG00000045581,Q9EP55
ENSMUSG00000070820,Q8VGB1
ENSMUSG00000045395,Q8VG65
ENSMUSG00000073924,Q7TRP8
ENSMUSG00000073924,Q8VGX9
ENSMUSG00000111273,A0A1L1SV77
ENSMUSG00000057770,Q8VGW3
ENSMUSG00000075380,Q8VFP6
ENSMUSG00000075215,Q7TR99
ENSMUSG00000057903,E9Q1P0
ENSMUSG00000057443,Q7TRI7
ENSMUSG00000094488,Q8VGR6
ENSMUSG00000049618,Q920Y8
ENSMUSG00000093877,A0A140LI03
ENSMUSG00000093877,A0A140LIG4
ENSMUSG00000093877,A0A140LIK2
ENSMUSG00000093877,A0A140LIL8
ENSMUSG00000093877,A0A140LJG5
ENSMUSG00000093877,F6VB59
ENSMUSG00000093877,Q8VGH3
ENSMUSG00000096068,Q8VFD0
ENSMUSG00000051706,Q7TQW1
ENSMUSG00000051706,Q8VF43
ENSMUSG00000075187,Q7TR75
ENSMUSG00000070417,Q9QWU6
ENSMUSG00000056995,Q7TR20
ENSMUSG00000046486,E9Q0M4
ENSMUSG00000100899,Q7TR26
ENSMUSG00000096566,A2BFL7
ENSMUSG00000073977,E9Q542
ENSMUSG00000067545,Q7TQS2
ENSMUSG00000108167,Q7TQT0
ENSMUSG00000081724,Q7TRI9
ENSMUSG00000081724,Q8VEY1
ENSMUSG00000084336,Q8VEZ2
ENSMUSG00000049315,Q8VGK3
ENSMUSG00000094353,Q60895
ENSMUSG00000068818,Q8VG97
ENSMUSG00000095212,Q8VG44
ENSMUSG00000049561,Q8VFE2
ENSMUSG00000075069,Q9R0K2
ENSMUSG00000075066,A0A1L1SRF4
ENSMUSG00000075066,A0A1L1STL6
ENSMUSG00000075066,Q7TQZ0
ENSMUSG00000049280,Q8VF20
ENSMUSG00000073922,Q8VGV6
ENSMUSG00000062121,Q60888
ENSMUSG00000046881,Q7TRY0
ENSMUSG00000096705,L7MTV4
ENSMUSG00000078116,Q8VFM8
ENSMUSG00000073962,A0A0G2JDQ4
ENSMUSG00000073962,A0A0G2JFH3
ENSMUSG00000068947,Q7TRY4
ENSMUSG00000095218,A0A1L1SSB4
ENSMUSG00000095218,A2ACY7
ENSMUSG00000073960,Q8VG25
ENSMUSG00000068816,G3X9L8
ENSMUSG00000068816,Q7TR38
ENSMUSG00000044061,A0A1L1SQW2
ENSMUSG00000044061,E9PWF9
ENSMUSG00000096497,Q7TRI1
ENSMUSG00000060556,Q7TQS3
ENSMUSG00000075097,Q8VGM5
ENSMUSG00000094254,Q8VG89
ENSMUSG00000039962,K7N5P3
ENSMUSG00000048173,Q7TQW2
ENSMUSG00000048173,Q8VEU7
ENSMUSG00000059821,Q8VFF4
ENSMUSG00000060742,A2AK60
ENSMUSG00000043692,Q7TRX3
ENSMUSG00000073949,Q8VGZ8
ENSMUSG00000096167,A0A1D5RLF5
ENSMUSG00000096167,Q9EQA6
ENSMUSG00000066273,Q8VGX7
ENSMUSG00000043855,Q7TRV1
ENSMUSG00000093980,Q8VEW5
ENSMUSG00000095839,Q7TRA7
ENSMUSG00000049737,Q8VFH0
ENSMUSG00000044120,Q7TRN9
ENSMUSG00000044120,Q8VGV1
ENSMUSG00000095928,E9Q8M0
ENSMUSG00000045225,Q7TR34
ENSMUSG00000070383,Q7TRX7
ENSMUSG00000057149,Q8VGE7
ENSMUSG00000061561,E9Q4J3
ENSMUSG00000066269,Q7TRS3
ENSMUSG00000066269,Q8VH16
ENSMUSG00000073971,E9Q546
ENSMUSG00000068259,Q8VF30
ENSMUSG00000109449,Q8VGG8
ENSMUSG00000111772,A0A1L1SR98
ENSMUSG00000096228,Q60889
ENSMUSG00000037924,Q62007
ENSMUSG00000069816,Q7TRX4
ENSMUSG00000063660,Q8VFD9
ENSMUSG00000094822,E9PV96
ENSMUSG00000059867,Q8VET5
ENSMUSG00000059867,Q9EQ85
ENSMUSG00000082882,Q7TR16
ENSMUSG00000061457,Q7TRF0
ENSMUSG00000075085,Q8VGM6
ENSMUSG00000094200,K9J725
ENSMUSG00000058194,Q7TR49
ENSMUSG00000111448,A0A1L1SSS5
ENSMUSG00000073966,Q8VGZ6
ENSMUSG00000095390,Q8VFN5
ENSMUSG00000061367,Q8VFH6
ENSMUSG00000075095,Q7TQZ9
ENSMUSG00000068809,A2AV10
ENSMUSG00000068809,Q7TR15
ENSMUSG00000066262,E9Q7P5
ENSMUSG00000043605,P34984
ENSMUSG00000081649,Q7TS32
ENSMUSG00000067525,Q8VFU9
ENSMUSG00000075114,Q8VG47
ENSMUSG00000063221,Q9EQ99
ENSMUSG00000056564,A0A2I3BQD6
ENSMUSG00000056564,A0A2I3BQT1
ENSMUSG00000056564,Q5NCC7
ENSMUSG00000075142,A2BHP6
ENSMUSG00000046431,Q8VEW1
ENSMUSG00000042894,A0A1L1SR34
ENSMUSG00000042894,A0A1L1SVA0
ENSMUSG00000042894,A2AWB5
ENSMUSG00000042894,Q8VGN9
ENSMUSG00000096320,F6QVZ8
ENSMUSG00000047050,E9PW59
ENSMUSG00000073937,Q8VF02
ENSMUSG00000044824,Q9WU94
ENSMUSG00000096555,Q9EQ91
ENSMUSG00000075117,Q7TR12
ENSMUSG00000070857,Q7TR54
ENSMUSG00000096209,Q8VEW6
ENSMUSG00000043385,A2AM35
ENSMUSG00000095667,Q7TRF9
ENSMUSG00000095667,Q8VFF1
ENSMUSG00000095239,Q8VG08
ENSMUSG00000073975,E9Q544
ENSMUSG00000062042,F7CWV4
ENSMUSG00000096169,A0A140LIE7
ENSMUSG00000096169,K7N6V7
ENSMUSG00000075179,Q7TR68
ENSMUSG00000075179,Q8VF52
ENSMUSG00000094819,A0A1B0GRH8
ENSMUSG00000094819,A0A1B0GT15
ENSMUSG00000094819,Q8VGL8
ENSMUSG00000067186,Q7TRI8
ENSMUSG00000096822,Q8VFP9
ENSMUSG00000060057,A0A140LHJ9
ENSMUSG00000060057,Q7TS43
ENSMUSG00000107677,A0A0N4SVP2
ENSMUSG00000073907,Q8VG18
ENSMUSG00000095765,L7N1Y5
ENSMUSG00000050215,Q80ZX9
ENSMUSG00000070821,Q3KPC7
ENSMUSG00000054666,Q8VBW9
ENSMUSG00000056281,Q7TQW3
ENSMUSG00000044923,Q8VFL5
ENSMUSG00000045883,A0A140LI90
ENSMUSG00000045883,Q8VEV7
ENSMUSG00000046975,Q8VFK7
ENSMUSG00000053391,Q8VGH2
ENSMUSG00000045030,Q8VFW8
ENSMUSG00000056946,Q7TRU5
ENSMUSG00000056946,Q8VFZ4
ENSMUSG00000091873,Q8VFT5
ENSMUSG00000052537,Q7TS40
ENSMUSG00000066748,Q60882
ENSMUSG00000047511,Q7TQS8
ENSMUSG00000090129,E9PZS7
ENSMUSG00000066268,Q7TRR8
ENSMUSG00000066268,Q8VH13
ENSMUSG00000043925,E9PX47
ENSMUSG00000047207,Q8VEZ4
ENSMUSG00000061342,Q7TR25
ENSMUSG00000060974,Q8VFE8
ENSMUSG00000062873,Q7TQU9
ENSMUSG00000051340,Q7TRQ1
ENSMUSG00000058802,Q8VFE1
ENSMUSG00000075387,Q8VGK9
ENSMUSG00000075086,Q8VF91
ENSMUSG00000094778,A0A1L1SSC2
ENSMUSG00000094778,F8VQN7
ENSMUSG00000075075,A2AUA2
ENSMUSG00000073916,Q8VGU9
ENSMUSG00000096436,Q7TQR7
ENSMUSG00000059429,Q8VFT2
ENSMUSG00000063350,Q7TRE6
ENSMUSG00000049098,Q60886
ENSMUSG00000049098,A0A1L1SRI3
ENSMUSG00000109403,Q8VET0
ENSMUSG00000095917,E9PV79
ENSMUSG00000080990,Q7TRJ6
ENSMUSG00000052012,Q8VGJ1
ENSMUSG00000059887,A0A0U1RNV5
ENSMUSG00000059887,A0A0U1RNW4
ENSMUSG00000059887,A0A0U1RPC3
ENSMUSG00000059887,Q0VEP0
ENSMUSG00000092413,Q7TRJ8
ENSMUSG00000096794,L7N1X5
ENSMUSG00000094810,Q7TRC7
ENSMUSG00000075205,Q7TR84
ENSMUSG00000096424,Q7TRE0
ENSMUSG00000057424,Q9EQ87
ENSMUSG00000075223,Q7TRA2
ENSMUSG00000043880,A0A0N4SWC2
ENSMUSG00000043880,Q5NCD0
ENSMUSG00000070380,Q8VFX6
ENSMUSG00000061039,E9Q413
ENSMUSG00000060878,Q8VF55
ENSMUSG00000046396,E9Q4X7
ENSMUSG00000095774,Q8VFN3
ENSMUSG00000051190,Q7TQU8
ENSMUSG00000045013,Q9EPG2
ENSMUSG00000058981,E9Q8X1
ENSMUSG00000111869,Q8VGK7
ENSMUSG00000095484,A0A140LIR8
ENSMUSG00000095484,Q7TQQ6
ENSMUSG00000073768,Q8VEY6
ENSMUSG00000096427,A0A1D5RM29
ENSMUSG00000096427,L7N210
ENSMUSG00000075171,A3KPP7
ENSMUSG00000094805,Q5NC59
ENSMUSG00000055838,Q8VFP4
ENSMUSG00000075119,Q7TR13
ENSMUSG00000020168,Q7TS05
ENSMUSG00000044040,Q8VG11
ENSMUSG00000057801,Q8VEY4
ENSMUSG00000075104,Q7TR04
ENSMUSG00000050654,Q8VF82
ENSMUSG00000050813,A0A0N4SUS0
ENSMUSG00000050813,Q5NC45
ENSMUSG00000070421,A0A1B0GRF3
ENSMUSG00000070421,Q8VGV5
ENSMUSG00000059112,Q8VG63
ENSMUSG00000059043,P23275
ENSMUSG00000062757,A2ATJ9
ENSMUSG00000043331,Q8VG91
ENSMUSG00000049894,Q8VGI8
ENSMUSG00000096858,A0A0N4SW83
ENSMUSG00000096858,Q8VFI4
ENSMUSG00000083361,Q8VFP3
ENSMUSG00000066749,Q8VF62
ENSMUSG00000057447,A2ATJ7
ENSMUSG00000075115,A2ATJ4
ENSMUSG00000060114,Q8VG76
ENSMUSG00000109487,Q8VGE6
ENSMUSG00000046272,Q8VFX2
ENSMUSG00000061336,Q923Q6
ENSMUSG00000092292,Q8VEU4
ENSMUSG00000061165,Q8VGE3
ENSMUSG00000048745,Q8VFU5
ENSMUSG00000050023,Q8VG40
ENSMUSG00000047225,Q7TRN8
ENSMUSG00000094269,Q7TRB2
ENSMUSG00000094269,Q9EQ94
ENSMUSG00000075221,A0A1L1SQP4
ENSMUSG00000075221,Q8VGC6
ENSMUSG00000046678,Q8VEU2
ENSMUSG00000094669,Q8VFS5
ENSMUSG00000057179,A0A0U1RPE9
ENSMUSG00000057179,E9PXH6
ENSMUSG00000050128,A2ASU6
ENSMUSG00000062037,Q7TS17
ENSMUSG00000070378,Q7TRX2
ENSMUSG00000073948,E9Q564
ENSMUSG00000048153,Q9Z1V0
ENSMUSG00000057067,Q7TS07
ENSMUSG00000049926,Q7TRC0
ENSMUSG00000075181,A2AK62
ENSMUSG00000050198,Q8VGC4
ENSMUSG00000056921,Q8VGR5
ENSMUSG00000109528,Q7TQW9
ENSMUSG00000109528,Q8VF83
ENSMUSG00000057349,Q9EQ95
ENSMUSG00000094347,Q8VFZ9
ENSMUSG00000046016,Q5SZS9
ENSMUSG00000051392,Q8VET1
ENSMUSG00000066242,L7N455
ENSMUSG00000066242,Q7TRV2
ENSMUSG00000050504,Q8VF35
ENSMUSG00000075167,Q7TR59
ENSMUSG00000093942,Q7TRT4
ENSMUSG00000093942,Q8VGJ4
ENSMUSG00000069998,Q7TRY2
ENSMUSG00000073925,Q7TRP9
ENSMUSG00000073925,Q8VF27
ENSMUSG00000067519,Q8VFV8
ENSMUSG00000053815,Q7TRM0
ENSMUSG00000107417,Q7TQT2
ENSMUSG00000071000,Q9QZ22
ENSMUSG00000073997,E9Q519
ENSMUSG00000095236,Q8VGP4
ENSMUSG00000059189,E9Q716
ENSMUSG00000073111,Q8VEV0
ENSMUSG00000075159,Q8VG38
ENSMUSG00000069818,A0A0U1RPX5
ENSMUSG00000069818,Q8VEZ7
ENSMUSG00000094678,A0A1L1SUS1
ENSMUSG00000094678,Q7TRF7
ENSMUSG00000044994,Q8VG74
ENSMUSG00000067529,Q8VFV0
ENSMUSG00000057817,A0A140LHG4
ENSMUSG00000057817,Q8VFX4
ENSMUSG00000059366,Q9EQ86
ENSMUSG00000073945,K7N6B3
ENSMUSG00000102091,A0A1L1ST14
ENSMUSG00000075127,A2AUS6
ENSMUSG00000045479,Q924H8
ENSMUSG00000111259,A0A1L1SQF6
ENSMUSG00000111259,B1ARV2
ENSMUSG00000075143,A2AVC4
ENSMUSG00000070943,Q8VFP5
ENSMUSG00000110253,Q8VF12
ENSMUSG00000054940,Q8VFC2
ENSMUSG00000060918,Q8VGG9
ENSMUSG00000045584,E9Q598
ENSMUSG00000074945,A2AVL6
ENSMUSG00000066750,Q7TRE4
ENSMUSG00000091601,A0A140LHU3
ENSMUSG00000091601,Q6UAH1
ENSMUSG00000062128,Q7TRX9
ENSMUSG00000069823,Q8VGI1
ENSMUSG00000069823,B0QZP2
ENSMUSG00000050772,A2AT86
ENSMUSG00000059504,Q7TRZ7
ENSMUSG00000066272,Q8VH14
ENSMUSG00000049708,Q9EQ90
ENSMUSG00000056858,Q8VG66
ENSMUSG00000075176,Q7TR64
ENSMUSG00000063216,Q8VGU6
ENSMUSG00000058513,A0A0N4SV99
ENSMUSG00000058513,Q8VEU1
ENSMUSG00000094063,Q7TRQ2
ENSMUSG00000094063,Q8VH20
ENSMUSG00000094673,E9Q5G9
ENSMUSG00000099687,E9Q382
ENSMUSG00000073110,Q8VFS6
ENSMUSG00000075105,L7MU54
ENSMUSG00000062497,Q8VFC4
ENSMUSG00000075081,A2AT78
ENSMUSG00000075141,A0A1W5DU97
ENSMUSG00000075141,A2AVT0
ENSMUSG00000050613,Q14AJ9
ENSMUSG00000075200,Q8VGR9
ENSMUSG00000107573,Q8VGX0
ENSMUSG00000066263,Q8VGY8
ENSMUSG00000094878,Q8VFC1
ENSMUSG00000049052,Q8VG64
ENSMUSG00000073951,Q7TRR2
ENSMUSG00000094692,L7N1X7
ENSMUSG00000058270,A0A1D5RMF9
ENSMUSG00000058270,Q7TRD6
ENSMUSG00000059303,Q7TRG6
ENSMUSG00000059303,Q8VFJ3
ENSMUSG00000073915,Q8VGZ9
ENSMUSG00000111179,Q7TRA0
ENSMUSG00000061961,Q7TRH3
ENSMUSG00000061961,Q8VFU0
ENSMUSG00000094285,L7N1Y2
ENSMUSG00000052182,Q8VFF6
ENSMUSG00000049041,Q8VFY0
ENSMUSG00000091983,Q8VGP5
ENSMUSG00000045306,Q8VFT4
ENSMUSG00000083947,Q7TRJ3
ENSMUSG00000083947,W4VSP0
ENSMUSG00000059069,E9Q438
ENSMUSG00000049168,A0A0N4SVD5
ENSMUSG00000049168,Q8VGW8
ENSMUSG00000059964,Q7TRJ5
ENSMUSG00000051046,Q8VG27
ENSMUSG00000050015,Q8VFP8
ENSMUSG00000048378,Q8VET2
ENSMUSG00000075125,Q7TR18
ENSMUSG00000055610,Q8VFN8
ENSMUSG00000096409,A0A1L1SSA5
ENSMUSG00000096409,Q7TRD9
ENSMUSG00000049758,Q7TQW6
ENSMUSG00000046650,Q8VFV4
ENSMUSG00000111863,Q8VGK2
ENSMUSG00000043274,A0A2I3BR64
ENSMUSG00000043274,A2AT85
ENSMUSG00000075068,Q60878
ENSMUSG00000066897,E9PVW2
ENSMUSG00000091531,B2RT33
ENSMUSG00000046210,A0A286YCU8
ENSMUSG00000046210,Q7TRM4
ENSMUSG00000056696,Q8VF34
ENSMUSG00000047794,A0A1L1SVG7
ENSMUSG00000047794,Q7TRN7
ENSMUSG00000108931,Q8VF29
ENSMUSG00000096465,Q8VG02
ENSMUSG00000061875,Q7TR35
ENSMUSG00000057461,Q7TRR7
ENSMUSG00000095322,Q9EQB7
ENSMUSG00000060503,Q8VG49
ENSMUSG00000063582,Q8VH00
ENSMUSG00000075202,Q7TR81
ENSMUSG00000075132,Q7TR24
ENSMUSG00000035626,Q7TQQ0
ENSMUSG00000035626,A0A0U1RNG2
ENSMUSG00000035626,A0A0U1RQ73
ENSMUSG00000075094,Q8VG58
ENSMUSG00000096109,P34983
ENSMUSG00000096109,A0A1L1SSP9
ENSMUSG00000101918,Q7TR01
ENSMUSG00000075214,Q8VFK2
ENSMUSG00000048299,Q60887
ENSMUSG00000096000,F6VS78
ENSMUSG00000061210,Q8VF18
ENSMUSG00000061637,A0A140LJ40
ENSMUSG00000061637,A0A1L1SQH1
ENSMUSG00000061637,Q8VFK3
ENSMUSG00000075169,A2AVB0
ENSMUSG00000094846,A0A140LHR5
ENSMUSG00000094846,A0A140LI93
ENSMUSG00000094846,Q8VFQ6
ENSMUSG00000051172,Q8VG28
ENSMUSG00000070856,Q7TR53
ENSMUSG00000044560,Q7TQX4
ENSMUSG00000044560,Q8VGE9
ENSMUSG00000110259,A0A1B0GSF4
ENSMUSG00000110259,E9PYY9
ENSMUSG00000073961,Q7TRS2
ENSMUSG00000073961,Q8VGV9
ENSMUSG00000047535,F8VPJ8
ENSMUSG00000059473,Q8VH10
ENSMUSG00000075378,Q8VF16
ENSMUSG00000107662,Q8VGC5
ENSMUSG00000075133,Q8VFG1
ENSMUSG00000051118,Q8VEY9
ENSMUSG00000060049,E9Q9Z6
ENSMUSG00000073944,E9PV95
ENSMUSG00000109322,Q7TQY4
ENSMUSG00000050343,Q8VGH0
ENSMUSG00000048456,Q8VFX1
ENSMUSG00000075164,Q7TR57
ENSMUSG00000049334,E9Q6Z7
ENSMUSG00000096229,Q7TRI5
ENSMUSG00000096840,Q8VG72
ENSMUSG00000068817,Q7TR39
ENSMUSG00000095138,Q8VFZ8
ENSMUSG00000052818,Q7TRH5
ENSMUSG00000058692,Q8VET8
ENSMUSG00000042863,Q7TR90
ENSMUSG00000093804,A2AVW1
ENSMUSG00000071185,Q7TQU7
ENSMUSG00000093884,A0A2I3BQR4
ENSMUSG00000093884,A0PK55
ENSMUSG00000061952,Q8VGH1
ENSMUSG00000060254,Q8VH08
ENSMUSG00000068437,Q05A45
ENSMUSG00000048067,A0A140LI49
ENSMUSG00000048067,A0A140LIS9
ENSMUSG00000048067,Q7TQV1
ENSMUSG00000095248,Q3SXH8
ENSMUSG00000044029,E9Q9T3
ENSMUSG00000073938,Q9EPN9
ENSMUSG00000093825,E9PZU2
ENSMUSG00000042849,Q8VGU5
ENSMUSG00000075172,Q8VGA6
ENSMUSG00000090874,Q14AK5
ENSMUSG00000045421,Q8VGW9
ENSMUSG00000075384,Q60879
ENSMUSG00000058659,A0A1D5RLX2
ENSMUSG00000058659,Q7TRF6
ENSMUSG00000095929,Q7TRU9
ENSMUSG00000108114,Q8VFH7
ENSMUSG00000051156,Q8VEZ5
ENSMUSG00000095910,Q8VF66
ENSMUSG00000073923,Q7TRP7
ENSMUSG00000048226,Q7TR08
ENSMUSG00000061984,Q7TRX6
ENSMUSG00000094192,Q7TRV8
ENSMUSG00000055820,Q7TRA6
ENSMUSG00000108995,A0A140LJF5
ENSMUSG00000090097,Q7TR17
ENSMUSG00000062314,Q7TQQ2
ENSMUSG00000059106,Q9EQ84
ENSMUSG00000063230,Q8VGL3
ENSMUSG00000094588,A0A1L1SRP1
ENSMUSG00000094588,L7N1Z5
ENSMUSG00000075140,Q920P2
ENSMUSG00000108919,Q8VF48
ENSMUSG00000081234,Q8VGT7
ENSMUSG00000062434,Q8VFZ5
ENSMUSG00000081836,Q0VB29
ENSMUSG00000061626,E9PYY2
ENSMUSG00000094449,Q9EQA2
ENSMUSG00000050251,A0A0N4SVC0
ENSMUSG00000050251,Q7TRH6
ENSMUSG00000050251,Q8VEX8
ENSMUSG00000058820,Q60884
ENSMUSG00000058820,A0A1L1SSX4
ENSMUSG00000058820,A0A1L1SV60
ENSMUSG00000048356,B9EHG2
ENSMUSG00000048356,Q7TQQ4
ENSMUSG00000094197,Q8VFC9
ENSMUSG00000045708,Q8VGP6
ENSMUSG00000073928,Q8VG78
ENSMUSG00000047286,E9Q848
ENSMUSG00000073974,Q8VG23
ENSMUSG00000051258,Q5SZZ8
ENSMUSG00000075107,Q7TR05
ENSMUSG00000068806,Q8VEZ1
ENSMUSG00000095809,A0A140LHL0
ENSMUSG00000095809,A0A140LIB8
ENSMUSG00000095809,Q7TQX8
ENSMUSG00000059031,Q8VG03
ENSMUSG00000062527,Q8VG32
ENSMUSG00000109824,V9GXN4
ENSMUSG00000054054,Q7TS01
ENSMUSG00000045148,A2AUA4
ENSMUSG00000045148,Q7TQZ1
ENSMUSG00000089892,Q8VF94
ENSMUSG00000047702,Q8VFA3
ENSMUSG00000061195,A0A288CFY5
ENSMUSG00000061195,Q8VF49
ENSMUSG00000051051,Q7TRU1
ENSMUSG00000051051,Q8VFE7
ENSMUSG00000050158,Q78MG2
ENSMUSG00000050158,Q8VFA2
ENSMUSG00000073963,Q8VGZ3
ENSMUSG00000042869,Q8VFG4
ENSMUSG00000058251,Q8VFU1
ENSMUSG00000051003,Q8VGB9
ENSMUSG00000060335,Q7TRX8
ENSMUSG00000094970,Q7TRB5
ENSMUSG00000094970,Q9EQ92
ENSMUSG00000075063,Q60881
ENSMUSG00000067524,A0A140LIZ3
ENSMUSG00000067524,Q0VDY1
ENSMUSG00000094295,A0A1L1STW7
ENSMUSG00000094295,K7N727
ENSMUSG00000051362,Q8VGV8
ENSMUSG00000048693,Q8VFS3
ENSMUSG00000054431,Q8VF81
ENSMUSG00000058515,Q9EQA0
ENSMUSG00000075192,L7MU59
ENSMUSG00000096069,A0A1B0GSM2
ENSMUSG00000096069,Q8VGM2
ENSMUSG00000063715,Q8VFU2
ENSMUSG00000063020,L7N1Y8
ENSMUSG00000074946,Q7TQW8
ENSMUSG00000108674,Q7TQU5
ENSMUSG00000110621,Q8VFJ4
ENSMUSG00000108948,Q8VFM3
ENSMUSG00000061798,Q7TR10
ENSMUSG00000063867,E9PWU0
ENSMUSG00000061549,Q7TS04
ENSMUSG00000075195,Q7TR78
ENSMUSG00000075195,Q8VGS2
ENSMUSG00000073964,Q8VH12
ENSMUSG00000042219,F8VPJ9
ENSMUSG00000045508,Q8VFG2
ENSMUSG00000045528,E9Q843
ENSMUSG00000058856,Q8VFD7
ENSMUSG00000060105,Q7TRU7
ENSMUSG00000060170,Q7TQT7
ENSMUSG00000062204,Q7TQT6
ENSMUSG00000068814,A2AV42
ENSMUSG00000068814,A2AVC7
ENSMUSG00000073909,Q6W049
ENSMUSG00000075156,Q7TR47
ENSMUSG00000075185,Q7TR72
ENSMUSG00000094461,Q8VF64
ENSMUSG00000109376,Q7TRJ0
ENSMUSG00000111239,A0A1L1SSZ5
